<?xml version="1.0" encoding="UTF-8"?>
<DataPDU xmlns:xsi="http://www.w3.org/2001/XMLSchema-instance"
         xsi:noNamespaceSchemaLocation="camt060.xsd">
    <Body>
        <AppHdr>
            <Fr>
                <FIId>
                    <FinInstnId>
                        <BICFI></BICFI>
                    </FinInstnId>
                </FIId>
            </Fr>
            <To>
                <FIId>
                    <FinInstnId>
                        <BICFI></BICFI>
                    </FinInstnId>
                </FIId>
            </To>
            <BizMsgIdr></BizMsgIdr>
            <MsgDefIdr></MsgDefIdr>
            <BizSvc></BizSvc>
            <CreDt></CreDt>
        </AppHdr>
        <Document>
            <AcctRptgReq>
                <GrpHdr>
                    <MsgId></MsgId>
                </GrpHdr>
                <RptgReq>
                    <ReqdMsgNmId></ReqdMsgNmId>
                    <Acct>
                        <Id>
                            <Othr>
                                <Id></Id>
                            </Othr>
                        </Id>
                    </Acct>
                    <AcctOwnr>
                        <Agt>
                            <FinInstnId>
                                <BICFI></BICFI>
                            </FinInstnId>
                        </Agt>
                    </AcctOwnr>
                </RptgReq>
            </AcctRptgReq>
        </Document>
    </Body>
</DataPDU>
